{
    "name": "KPICard",
    "description": "This widget is developed primarily for \"Activity Framework\" QlikSense dashboard.",
    "author": "Harry Mann",
    "library": "SVHNSWidgetLibrary",
    "meta": {
        "type": "kpi"
    },
    "properties": {
        "sections": [
            {
                "type": "header",
                "order": 0,
                "parent": "qw-pe-dropzone0-0",
                "ref": "header1",
                "label": "Main KPI Card Settings"
            },
            {
                "type": "header",
                "order": 1,
                "parent": "qw-pe-dropzone1-1",
                "ref": "header2",
                "label": "Measure Color Settings"
            },
            {
                "type": "header",
                "order": 2,
                "parent": "qw-pe-dropzone1-2",
                "ref": "header3",
                "label": "KPI Measure Formatting Settings"
            },
            {
                "type": "header",
                "order": 3,
                "parent": "qw-pe-dropzone1-3",
                "ref": "header4",
                "label": "Main Header Settings"
            },
            {
                "type": "header",
                "order": 4,
                "parent": "qw-pe-dropzone1-4",
                "ref": "header5",
                "label": "Comment Settings"
            },
            {
                "type": "header",
                "order": 5,
                "parent": "qw-pe-dropzone1-5",
                "ref": "header6",
                "label": "Navigation Button Settings"
            },
            {
                "type": "header",
                "order": 6,
                "parent": "qw-pe-dropzone1-6",
                "ref": "header7",
                "label": "KPI Image Settings"
            }
        ],
        "settings": [
            {
                "type": "string",
                "expression": "optional",
                "defaultValue": "",
                "order": 2,
                "parent": "header1",
                "ref": "kpimeasure",
                "label": "Body Measure"
            },
            {
                "type": "string",
                "expression": "optional",
                "defaultValue": "0",
                "order": 0,
                "parent": "header2",
                "ref": "ColorThreshhold",
                "label": "Thresh Hold For Color"
            },
            {
                "component": "textarea",
                "defaultValue": "",
                "rows": 3,
                "maxlength": 512,
                "order": 1,
                "parent": "header1",
                "ref": "KPIIconFile",
                "label": "KPI Icon Filename",
                "type": "string"
            },
            {
                "component": "dropdown",
                "type": "string",
                "defaultValue": "",
                "options": [
                    {
                        "label": "Normal",
                        "value": "1.5vw"
                    },
                    {
                        "label": "Large",
                        "value": "2.5vw"
                    },
                    {
                        "label": "Extra Large",
                        "value": "3vw"
                    },
                    {
                        "label": "Huge",
                        "value": "3.5vw"
                    }
                ],
                "order": 0,
                "parent": "header3",
                "ref": "MeasureSize",
                "label": "Measure  Size"
            },
            {
                "component": "dropdown",
                "type": "string",
                "defaultValue": "normal",
                "options": [
                    {
                        "label": "Normal",
                        "value": "normal"
                    },
                    {
                        "label": "Oblique",
                        "value": "oblique"
                    },
                    {
                        "label": "Italic",
                        "value": "italic"
                    }
                ],
                "order": 1,
                "parent": "header4",
                "ref": "mainheadertextstyle",
                "label": "Main Header Text Style"
            },
            {
                "type": "string",
                "expression": "optional",
                "defaultValue": "Header Text",
                "order": 0,
                "parent": "header4",
                "ref": "mainheadertext",
                "label": "Main Header Text"
            },
            {
                "component": "textarea",
                "defaultValue": "",
                "rows": 3,
                "maxlength": 512,
                "order": 0,
                "parent": "header5",
                "ref": "commentstext",
                "label": "Comments Text",
                "type": "string"
            },
            {
                "component": "dropdown",
                "type": "string",
                "defaultValue": "normal",
                "options": [
                    {
                        "label": "Normal",
                        "value": "normal"
                    },
                    {
                        "label": "Bold",
                        "value": "bold"
                    },
                    {
                        "label": "Italic",
                        "value": "italic"
                    }
                ],
                "order": 1,
                "parent": "header5",
                "ref": "CommentStyle",
                "label": "Comment Style"
            },
            {
                "type": "string",
                "expression": "optional",
                "defaultValue": "Sample Text",
                "order": 0,
                "parent": "header6",
                "ref": "ButtonText",
                "label": "Button Text"
            },
            {
                "type": "string",
                "expression": "optional",
                "defaultValue": "white",
                "order": 1,
                "parent": "header6",
                "ref": "ButtonBackgroundColor",
                "label": "Buton Background Color"
            },
            {
                "type": "string",
                "expression": "optional",
                "defaultValue": "white",
                "order": 1,
                "parent": "header7",
                "ref": "ImageBackgroundColor",
                "label": "Image Background Color"
            },
            {
                "component": "dropdown",
                "type": "string",
                "defaultValue": "center",
                "options": [
                    {
                        "label": "Left",
                        "value": "left"
                    },
                    {
                        "label": "Right",
                        "value": "right"
                    },
                    {
                        "label": "Center",
                        "value": "center"
                    }
                ],
                "order": 0,
                "parent": "header7",
                "ref": "ImageAlignment",
                "label": "Image Alignment"
            },
            {
                "type": "string",
                "expression": "optional",
                "defaultValue": "\"https://qliksense-pr9-1.svhanational.org.au/sense/app/d39d5ee8-2e16-43d5-b560-79a0298aa97c/sheet/97dc906d-f708-448b-b25a-790b826dfdac/state/edit\"",
                "order": 2,
                "parent": "header6",
                "ref": "ButtonLink",
                "label": "Button Link"
            },
            {
                "component": "dropdown",
                "type": "string",
                "defaultValue": "center",
                "options": [
                    {
                        "label": "Center",
                        "value": "center"
                    },
                    {
                        "label": "Left",
                        "value": "left"
                    },
                    {
                        "label": "Right",
                        "value": "right"
                    }
                ],
                "order": 3,
                "parent": "header1",
                "ref": "BodyMeasureAlignment",
                "label": "Body Measure Alignment"
            },
            {
                "type": "string",
                "expression": "optional",
                "defaultValue": "white",
                "order": 1,
                "parent": "header3",
                "ref": "KPIMeasureBackgroundColor",
                "label": "KPI Measure Background Color"
            },
            {
                "type": "string",
                "expression": "optional",
                "defaultValue": "white",
                "order": 2,
                "parent": "header3",
                "ref": "KPIMainTextBackgroundColor",
                "label": "KPI Main Measure Background Color"
            },
            {
                "type": "string",
                "expression": "optional",
                "defaultValue": "black",
                "order": 2,
                "parent": "header5",
                "ref": "CommentColor",
                "label": "Comment Color"
            },
            {
                "type": "string",
                "expression": "optional",
                "defaultValue": "white",
                "order": 3,
                "parent": "header5",
                "ref": "commentbackgroundcolor",
                "label": "Comment Background Color"
            },
            {
                "type": "string",
                "expression": "optional",
                "defaultValue": "black",
                "order": 0,
                "parent": "header1",
                "ref": "containerbordercolor",
                "label": "Container Border Color"
            },
            {
                "type": "string",
                "expression": "optional",
                "defaultValue": "black",
                "order": 2,
                "parent": "header4",
                "ref": "mainheadercolor",
                "label": "Main Header Text Color"
            },
            {
                "type": "string",
                "expression": "optional",
                "defaultValue": "white",
                "order": 3,
                "parent": "header4",
                "ref": "MainHeaderBackgroundColor",
                "label": "Main Header Background Color"
            }
        ],
        "measures": {
            "min": 1,
            "max": 2
        },
        "dimensions": {
            "max": 0,
            "min": 0
        }
    },
    "dependencies": {}
}